variant,case,ns_per_unit,equivalent_units_per_s,bytes_per_unit,forks,samples,fork_mean_min_ns,fork_mean_max_ns
current,consumeOnly,17.195142400957028,58155959.20533598,unavailable,3,15,17.03598716207073,17.340711199555436
current,formatPlain,6800.308707759297,147052.1476266186,unavailable,3,15,6685.499453542135,6895.279648969522
current,formatPlainCandidate,16.99997634206106,58823611.27325904,unavailable,3,15,16.646746551039932,17.243959798735762
current,formatSimple,7685.03039796755,130123.10273547763,unavailable,3,15,7285.346956287746,8289.552259460534
current,formatSimpleCandidate,1985.6639890831937,503609.8783569685,unavailable,3,15,1955.005410219728,2011.4022752171834
current,printBatch16,398.7933644112413,2507564.290785907,unavailable,3,15,383.0476540873775,410.979333788724
current,printOne,1509.9532413471832,662272.1635458049,unavailable,3,15,1478.8862020992985,1569.8193965918595
current,record,165799.49583012288,6031.381428473062,unavailable,3,15,165496.43580864518,166042.79855558366
current,recordAndSimple,178418.0092160408,5604.8153681007125,unavailable,3,15,174588.46805575665,182722.12962735616
noCaller,consumeOnly,17.272712321694648,57894786.95502807,unavailable,3,15,17.10655642540359,17.37700482093324
noCaller,formatPlain,6713.795724765598,148947.03994511443,unavailable,3,15,6417.991687031499,6890.071328155693
noCaller,formatPlainCandidate,17.15433435715986,58294305.05314949,unavailable,3,15,16.780888917990303,17.542881088638662
noCaller,formatSimple,7401.380866622957,135109.92313739314,unavailable,3,15,7386.240663973304,7416.752254544118
noCaller,formatSimpleCandidate,2004.0211941683447,498996.7186524658,unavailable,3,15,1976.0539728376764,2046.0680620005235
noCaller,printBatch16,415.04008867147957,2409405.8075231835,unavailable,3,15,407.51435964857865,423.41337293310755
noCaller,printOne,1544.8895999550712,647295.4443017043,unavailable,3,15,1515.899522094912,1601.212886034097
noCaller,record,333.1035149812949,3002069.792197041,unavailable,3,15,303.2554581947851,370.03627679324666
noCaller,recordAndSimple,7984.1181257585395,125248.64790937622,unavailable,3,15,7871.81940502241,8157.746223419785
