benchmark,extra_frames,variant,forks,measurements,ns_per_op,equivalent_ops_per_s,bytes_per_op,fork_mean_min_ns,fork_mean_max_ns
metricsRecord,0,current,3,15,9819.987358065719,101833.12498652482,4664.058484133579,7954.9666690853355,13128.6292194832
metricsRecord,0,no-caller,3,15,61.38871414916571,16289639.127643958,232.00036951192413,56.931404207628304,68.62716327384479
metricsRecord,16,current,3,15,13712.426238718412,72926.55454192341,6232.0815222995125,11903.830579178702,17124.81925759418
metricsRecord,16,no-caller,3,15,100.84416757114582,9916289.896433499,256.00060686324554,91.73406020559791,116.34302698780168
plainRecord,0,current,3,15,8033.952123371345,124471.74001584202,4632.047944214435,7839.683340648818,8379.187697993591
plainRecord,0,no-caller,3,15,56.915233951316125,17569988.394590016,232.00034882810093,56.032656530695725,57.721691660257804
plainRecord,16,current,3,15,12133.682916979686,82415.20788388295,6264.072305214433,11626.990905381583,12657.122431342821
plainRecord,16,no-caller,3,15,93.42959525108513,10703246.624504514,256.00057179125116,91.60569610685062,94.62571349213528
plainRecordAndSimpleFormat,0,current,3,15,10496.246491773309,95272.15283899578,6935.979230800253,10388.019389574078,10659.057304434427
plainRecordAndSimpleFormat,0,no-caller,3,15,1524.818966756254,655815.5569951357,2527.9261785806743,1504.8314283164268,1546.4895822766762
plainRecordAndSimpleFormat,16,current,3,15,16729.51202428268,59774.60660828076,8523.324366040346,14369.848844804932,21360.001624952878
plainRecordAndSimpleFormat,16,no-caller,3,15,1807.7893126558863,553161.8054157346,2551.927734387368,1621.0498211863764,2028.9932583357272
